{
  "project_info": {
    "project_number": "62682383895",
    "project_id": "projetofinal-1dfe6",
    "storage_bucket": "projetofinal-1dfe6.appspot.com"
  },
  "client": [
    {
      "client_info": {
        "mobilesdk_app_id": "1:62682383895:android:63db311c22c7fbc0fabe52",
        "android_client_info": {
          "package_name": "com.example.progetofinal"
        }
      },
      "oauth_client": [
        {
          "client_id": "62682383895-oa0f9nnd2u540oqg8todqsmpbj7c65f9.apps.googleusercontent.com",
          "client_type": 1,
          "android_info": {
            "package_name": "com.example.progetofinal",
            "certificate_hash": "b726a3947c7d43f18f52877ea865a3b86be53554"
          }
        },
        {
          "client_id": "62682383895-fsl88fpf5jcusnibj2hdrrhj4srnu8qa.apps.googleusercontent.com",
          "client_type": 3
        }
      ],
      "api_key": [
        {
          "current_key": "AIzaSyCcq9_LnoTlrv0JjPoOL2k8s-eUGq8Z5QI"
        }
      ],
      "services": {
        "appinvite_service": {
          "other_platform_oauth_client": [
            {
              "client_id": "62682383895-fsl88fpf5jcusnibj2hdrrhj4srnu8qa.apps.googleusercontent.com",
              "client_type": 3
            }
          ]
        }
      }
    }
  ],
  "configuration_version": "1"
}